"日期","收市","開市","高","低","成交量","升跌（%）"
"2026-5-17","76.199","76.205","79.400","73.345","197.51K","-1.74%"
"2026-5-10","77.547","80.150","90.105","76.090","317.89K","-4.10%"
"2026-5-3","80.865","76.455","82.675","72.600","207.63K","5.80%"
"2026-4-26","76.431","75.970","77.525","71.310","104.05K","-0.32%"
"2026-4-19","76.678","80.150","81.030","74.195","6.08K","-6.65%"
"2026-4-12","82.137","75.290","83.440","73.260","3.64K","7.00%"
"2026-4-5","76.763","73.080","78.000","70.100","3.12K","4.47%"
"2026-3-29","73.480","69.315","76.830","68.250","24.36K","5.63%"
"2026-3-22","69.561","66.655","74.470","61.200","3.88K","0.20%"
"2026-3-15","69.420","79.780","82.200","65.455","5.02K","-14.36%"
"2026-3-8","81.058","84.100","90.000","79.315","5.27K","-3.52%"
"2026-3-1","84.014","96.065","96.530","77.990","7.71K","-9.94%"
"2026-2-22","93.291","84.900","94.760","84.900","119.56K","12.87%"
"2026-2-15","82.654","77.310","84.915","72.345","5.09K","5.64%"
"2026-2-8","78.242","79.855","86.220","74.010","5.29K","1.36%"
"2026-2-1","77.190","82.000","92.080","64.250","5.74K","-2.46%"
"2026-1-25","79.140","105.195","122.675","74.775","54.78K","-21.65%"
"2026-1-18","101.002","90.700","103.035","90.000","5.42K","14.48%"
"2026-1-11","88.226","80.485","93.105","79.835","12.72K","11.57%"
"2026-1-4","79.075","72.825","82.220","72.315","13.32K","11.35%"
"2025-12-28","71.015","80.000","82.670","69.255","665.33K","-8.01%"
"2025-12-21","77.196","67.550","79.700","67.470","493.41K","14.38%"
"2025-12-14","67.489","64.110","67.680","62.115","451.26K","8.84%"
"2025-12-7","62.007","58.765","65.085","57.770","622.69K","5.00%"
"2025-11-30","59.053","57.000","59.900","56.850","557.48K","3.31%"
"2025-11-23","57.163","49.855","57.245","49.370","290.58K","14.53%"
"2025-11-16","49.913","50.405","52.245","48.050","452.84K","-1.53%"
"2025-11-9","50.686","48.295","54.415","48.235","515.76K","5.28%"
"2025-11-2","48.143","47.885","48.730","46.520","225.72K","-0.04%"
"2025-10-26","48.160","46.850","48.995","45.510","275.59K","-0.88%"
"2025-10-19","48.586","51.370","51.615","46.820","412.61K","-3.03%"
"2025-10-12","50.104","50.755","53.765","48.750","633.05K","6.05%"
"2025-10-5","47.247","48.405","49.965","46.700","537.27K","1.89%"
"2025-9-28","46.369","46.420","48.325","45.710","410.31K","3.20%"
"2025-9-21","44.933","43.215","46.945","43.885","342.08K","6.68%"
"2025-9-14","42.118","42.725","43.435","41.480","289.35K","-0.07%"
"2025-9-7","42.149","41.465","43.040","41.145","241.35K","1.77%"
"2025-8-31","41.417","40.757","42.290","40.555","328.06K","4.32%"
"2025-8-24","39.703","39.215","40.860","38.170","224.39K","4.26%"
"2025-8-17","38.079","38.040","39.090","36.960","223.46K","0.03%"
"2025-8-10","38.069","38.540","38.780","37.515","212.91K","-0.59%"
"2025-8-3","38.294","37.090","38.875","37.325","262.99K","4.31%"
"2025-7-27","36.712","38.135","38.490","36.280","250.28K","-6.40%"
"2025-7-20","39.224","38.420","39.910","38.100","242.04K","2.40%"
"2025-7-13","38.303","39.130","38.825","37.685","200.24K","2.68%"
"2025-7-6","37.305","37.150","39.225","36.445","286.71K","0.60%"
"2025-6-29","37.084","36.150","37.435","36.055","219.84K","0.89%"
"2025-6-22","36.757","36.160","36.975","35.195","236.14K","-0.42%"
"2025-6-15","36.913","36.450","37.405","35.515","236.35K","1.70%"
"2025-6-8","36.295","36.165","36.975","35.580","278.25K","1.37%"
"2025-6-1","35.805","33.130","36.510","34.165","324.28K","7.13%"
"2025-5-25","33.423","33.618","33.745","32.800","192.86K","0.61%"
"2025-5-18","33.219","32.550","33.915","32.235","222.51K","1.65%"
"2025-5-11","32.680","32.600","33.435","31.780","181.96K","0.19%"
"2025-5-4","32.617","32.250","33.480","32.360","185.31K","0.46%"
"2025-4-27","32.469","33.205","33.835","31.860","190.22K","-3.09%"
"2025-4-20","33.503","32.440","33.690","32.050","285.67K","1.59%"
"2025-4-13","32.980","32.195","33.175","32.070","151.71K","7.22%"
"2025-4-6","30.759","29.230","32.210","29.255","346.36K","-3.79%"
"2025-3-30","31.970","34.825","35.155","29.115","398.76K","-8.41%"
"2025-3-23","34.905","33.540","35.495","33.430","238.87K","2.69%"
"2025-3-16","33.991","34.410","35.000","33.165","212.13K","-0.92%"
"2025-3-9","34.306","32.945","34.860","32.215","250.26K","2.90%"
"2025-3-2","33.338","31.715","33.380","32.030","226.91K","3.82%"
"2025-2-23","32.110","33.045","32.790","31.365","227.11K","-4.11%"
"2025-2-16","33.486","32.680","33.785","32.810","173.93K","2.32%"
"2025-2-9","32.726","32.180","34.240","31.650","297.08K","0.31%"
"2025-2-2","32.626","32.460","33.215","32.150","263.30K","0.41%"
"2025-1-26","32.493","30.615","32.920","30.235","233.46K","5.80%"
"2025-1-19","30.712","31.085","31.710","30.465","157.65K","-3.19%"
"2025-1-12","31.725","31.305","31.985","30.115","190.55K","2.29%"
"2025-1-5","31.015","30.095","31.840","30.410","197.40K","3.73%"
"2024-12-29","29.900","29.980","30.380","29.200","60.21K","-1.10%"
"2024-12-22","30.234","30.040","30.465","29.890","46.42K","3.25%"
"2024-12-15","29.282","30.880","31.110","29.145","214.66K","-6.99%"
"2024-12-8","31.482","31.460","33.330","30.755","295.53K","0.24%"
"2024-12-1","31.406","30.785","32.070","30.920","242.42K","3.12%"
"2024-11-24","30.455","31.700","31.375","30.025","185.74K","-2.07%"
"2024-11-17","31.099","30.530","31.615","30.715","242.22K","1.22%"
"2024-11-10","30.724","31.575","31.255","29.750","278.44K","-4.03%"
"2024-11-3","32.013","32.720","33.055","30.940","326.69K","-2.85%"
"2024-10-27","32.953","33.830","34.725","32.460","312.12K","-2.49%"
"2024-10-20","33.795","33.900","35.070","33.260","335.97K","6.36%"
"2024-10-13","31.774","31.730","33.970","30.950","270.15K","1.71%"
"2024-10-6","31.240","32.450","32.020","30.345","248.37K","-3.77%"
"2024-9-29","32.464","31.945","33.225","31.260","275.87K","0.84%"
"2024-9-22","32.195","30.915","33.020","30.960","370.03K","2.92%"
"2024-9-15","31.281","31.100","31.755","30.035","287.00K","4.38%"
"2024-9-8","29.967","27.960","31.280","28.360","281.34K","3.48%"
"2024-9-1","28.960","29.188","29.550","28.010","291.71K","-2.91%"
"2024-8-25","29.827","30.030","30.110","29.080","223.40K","2.20%"
"2024-8-18","29.185","29.220","30.035","28.795","276.24K","2.23%"
"2024-8-11","28.548","27.630","29.095","27.230","272.92K","2.94%"
"2024-8-4","27.733","28.720","27.840","26.505","262.29K","-3.06%"
"2024-7-28","28.607","28.060","29.355","27.765","295.62K","2.26%"
"2024-7-21","27.975","29.425","29.630","27.555","288.00K","-7.44%"
"2024-7-14","30.224","31.100","31.655","29.060","317.86K","-4.57%"
"2024-7-7","31.671","31.475","32.015","30.620","257.92K","2.69%"
"2024-6-30","30.842","29.445","31.790","29.490","227.73K","5.42%"
"2024-6-23","29.256","29.750","29.955","28.580","248.27K","-5.57%"
"2024-6-16","30.981","29.710","30.905","28.985","307.04K","6.04%"
"2024-6-9","29.216","29.455","30.355","28.730","388.93K","-7.34%"
"2024-6-2","31.532","30.765","31.670","29.220","414.88K","-0.47%"
"2024-5-26","31.680","30.545","32.515","30.345","440.58K","4.02%"
"2024-5-19","30.455","31.850","32.720","30.235","368.18K","1.94%"
"2024-5-12","29.876","28.420","31.850","28.310","412.29K","5.33%"
"2024-5-5","28.365","26.810","29.000","27.240","255.59K","5.73%"
"2024-4-28","26.829","27.500","27.455","26.255","281.68K","-2.45%"
"2024-4-21","27.502","28.780","27.745","26.715","329.75K","-3.61%"
"2024-4-14","28.532","28.380","29.100","28.030","371.16K","0.46%"
"2024-4-7","28.401","27.435","29.905","27.640","564.15K","3.71%"
"2024-3-31","27.385","25.360","27.615","25.195","499.76K","10.07%"
"2024-3-24","24.879","24.850","25.130","24.445","201.50K","-0.51%"
"2024-3-17","25.007","25.400","25.975","24.580","279.55K","-0.21%"
"2024-3-10","25.060","24.580","25.660","24.220","305.37K","1.96%"
"2024-3-3","24.578","23.370","24.860","23.785","352.55K","7.40%"
"2024-2-25","22.885","23.030","23.485","22.405","210.47K","-0.06%"
"2024-2-18","22.899","23.473","23.510","22.580","271.01K","-0.70%"
"2024-2-11","23.061","22.995","23.560","21.975","347.65K","1.37%"
"2024-2-4","22.749","22.770","22.795","22.195","219.87K","-2.56%"
"2024-1-28","23.347","22.920","23.445","22.485","295.46K","1.83%"
"2024-1-21","22.927","22.745","23.155","22.165","228.81K","0.53%"
"2024-1-14","22.807","23.350","23.500","22.520","201.26K","0.45%"
"2024-1-7","22.705","23.380","23.720","22.630","241.07K","-2.08%"
"2023-12-31","23.187","24.027","24.335","22.880","249.32K","-4.86%"
"2023-12-24","24.372","24.475","24.740","23.760","153.90K","-0.39%"
"2023-12-17","24.468","23.980","24.895","24.040","179.96K","0.80%"
"2023-12-10","24.273","23.225","24.590","22.785","291.64K","1.38%"
"2023-12-3","23.942","26.050","25.020","23.245","280.93K","-6.26%"
"2023-11-26","25.541","24.510","25.940","24.585","248.65K","7.28%"
"2023-11-19","23.808","23.835","24.395","23.470","186.31K","-1.02%"
"2023-11-12","24.053","22.500","24.220","22.150","286.25K","4.47%"
"2023-11-5","23.023","23.395","23.170","22.230","284.21K","0.23%"
"2023-10-29","22.971","23.325","23.465","22.645","231.55K","0.28%"
"2023-10-22","22.908","23.505","23.350","22.565","208.99K","-0.53%"
"2023-10-15","23.031","22.910","23.880","22.535","256.29K","4.88%"
"2023-10-8","21.959","21.940","22.990","21.775","216.35K","4.47%"
"2023-10-1","21.019","22.410","21.780","20.850","293.32K","-7.57%"
"2023-9-24","22.741","23.695","23.805","22.325","299.32K","-3.57%"
"2023-9-17","23.582","23.220","24.050","23.060","225.70K","2.97%"
"2023-9-10","22.902","23.280","23.585","22.555","242.65K","-1.00%"
"2023-9-3","23.134","24.540","24.655","23.130","262.30K","-6.31%"
"2023-8-27","24.692","24.410","25.425","24.205","228.66K","1.43%"
"2023-8-20","24.343","22.840","24.440","23.265","268.80K","6.67%"
"2023-8-13","22.821","22.725","23.070","22.265","229.23K","-0.47%"
"2023-8-6","22.929","23.760","23.255","22.610","280.49K","-3.72%"
"2023-7-30","23.816","24.585","24.905","23.275","248.44K","-2.26%"
"2023-7-23","24.367","24.790","25.325","24.180","228.41K","-2.38%"
"2023-7-16","24.962","25.155","25.475","24.765","199.95K","0.05%"
"2023-7-9","24.949","23.340","25.255","23.220","280.71K","9.00%"
"2023-7-2","22.890","22.995","23.535","22.720","191.86K","0.40%"
"2023-6-25","22.798","22.550","23.150","22.485","183.89K","1.02%"
"2023-6-18","22.567","24.235","24.260","22.140","299.80K","-6.14%"
"2023-6-11","24.044","24.290","24.520","23.270","288.00K","-1.68%"
"2023-6-4","24.455","23.870","24.620","23.410","265.45K","1.49%"
"2023-5-28","24.096","23.430","24.120","23.030","294.77K","5.18%"
"2023-5-21","22.910","24.020","23.810","22.785","236.05K","-3.06%"
"2023-5-14","23.633","24.100","24.275","23.485","216.03K","-3.24%"
"2023-5-7","24.424","25.945","26.200","23.910","303.19K","-6.87%"
"2023-4-30","26.227","25.460","26.435","24.820","256.27K","4.04%"
"2023-4-23","25.209","25.280","25.435","24.530","253.99K","-1.06%"
"2023-4-16","25.478","25.470","25.585","24.715","249.33K","-2.14%"
"2023-4-9","26.035","25.100","26.235","24.970","313.81K","3.55%"
"2023-4-2","25.143","24.050","25.295","23.970","196.72K","4.43%"
"2023-3-26","24.076","23.485","24.310","22.960","211.53K","3.53%"
"2023-3-19","23.256","22.710","23.705","22.290","227.81K","7.21%"
"2023-3-12","21.692","20.720","22.765","21.465","290.56K","7.57%"
"2023-3-5","20.165","21.385","21.215","19.945","251.29K","-3.52%"
"2023-2-26","20.901","20.915","21.385","20.505","218.07K","-2.22%"
"2023-2-19","21.376","21.753","22.000","20.725","244.76K","-1.99%"
"2023-2-12","21.810","22.020","22.040","21.155","253.55K","-1.94%"
"2023-2-5","22.241","22.655","22.615","21.830","265.30K","-6.22%"
"2023-1-29","23.715","23.905","24.750","22.325","354.67K","-1.27%"
"2023-1-22","24.020","24.055","24.415","23.310","259.02K","0.63%"
"2023-1-15","23.870","24.422","24.670","23.270","291.64K","-0.56%"
"2023-1-8","24.004","24.025","24.445","23.340","232.88K","2.48%"
"2023-1-1","23.424","24.177","24.775","23.260","247.78K","-3.41%"
"2022-12-25","24.250","24.008","24.495","23.645","157.30K","2.92%"
"2022-12-18","23.561","23.305","24.525","23.050","187.05K","1.43%"
"2022-12-11","23.229","23.435","24.390","22.735","238.98K","0.31%"
"2022-12-4","23.157","23.310","23.900","22.190","199.71K","1.63%"
"2022-11-27","22.786","21.520","23.475","21.060","258.82K","6.30%"
"2022-11-20","21.436","21.110","21.730","20.860","161.02K","1.81%"
"2022-11-13","21.054","21.735","22.380","20.785","280.02K","-3.30%"
"2022-11-6","21.772","20.650","22.160","20.570","347.28K","11.74%"
"2022-10-30","19.485","19.010","20.965","18.805","325.95K","-0.05%"
"2022-10-23","19.494","19.395","19.765","18.740","219.93K","4.31%"
"2022-10-16","18.689","18.160","19.405","18.150","219.11K","-1.21%"
"2022-10-9","18.918","20.185","19.725","18.010","260.53K","-8.43%"
"2022-10-2","20.660","18.995","21.310","19.985","263.36K","10.41%"
"2022-9-25","18.712","18.525","19.300","17.895","260.00K","-4.47%"
"2022-9-18","19.587","19.555","19.960","18.760","258.89K","1.87%"
"2022-9-11","19.227","18.810","19.930","18.770","232.67K","4.48%"
"2022-9-4","18.402","17.845","18.860","17.740","146.69K","4.37%"
"2022-8-28","17.632","18.750","18.700","17.400","251.38K","-7.91%"
"2022-8-21","19.147","19.050","19.345","18.650","195.13K","-1.85%"
"2022-8-14","19.508","20.810","20.250","18.925","193.23K","-4.34%"
"2022-8-7","20.394","19.825","20.850","20.190","221.99K","1.10%"
"2022-7-31","20.173","20.500","20.495","19.470","223.76K","1.28%"
"2022-7-24","19.918","18.540","20.350","18.285","254.19K","6.41%"
"2022-7-17","18.719","18.675","19.030","18.120","184.97K","2.71%"
"2022-7-10","18.225","19.265","19.360","18.010","252.36K","-5.02%"
"2022-7-3","19.188","19.880","19.435","18.705","151.83K","-5.72%"
"2022-6-26","20.352","21.245","21.355","19.295","231.78K","-3.34%"
"2022-6-19","21.056","21.600","21.675","20.545","200.40K","-3.98%"
"2022-6-12","21.928","22.080","21.970","20.845","225.97K","0.29%"
"2022-6-5","21.864","22.310","22.300","21.235","238.79K","-2.09%"
"2022-5-29","22.330","21.815","22.525","21.410","124.55K","1.66%"
"2022-5-22","21.965","21.780","22.475","21.645","137.02K","0.26%"
"2022-5-15","21.908","21.105","22.080","21.250","149.16K","5.46%"
"2022-5-8","20.773","22.395","22.085","20.420","299.94K","-7.44%"
"2022-5-1","22.443","22.785","23.345","22.110","233.21K","-3.18%"
"2022-4-24","23.181","24.180","23.975","22.710","195.65K","-5.99%"
"2022-4-17","24.657","26.110","26.195","24.080","245.49K","-5.38%"
"2022-4-10","26.060","24.985","26.115","25.025","189.15K","5.14%"
"2022-4-3","24.785","24.750","25.110","24.200","195.95K","-1.48%"
"2022-3-27","25.158","25.725","25.285","24.045","195.83K","-2.94%"
"2022-3-20","25.920","25.150","26.160","24.695","178.82K","1.19%"
"2022-3-13","25.616","26.280","25.750","24.550","172.29K","-2.44%"
"2022-3-6","26.256","26.025","27.495","25.550","321.72K","4.14%"
"2022-2-27","25.212","24.620","25.920","24.345","266.36K","2.09%"
"2022-2-20","24.697","24.080","25.670","23.860","237.57K","3.32%"
"2022-2-13","23.903","23.700","24.115","23.070","222.66K","1.52%"
"2022-2-6","23.545","22.575","23.735","22.770","260.43K","5.13%"
"2022-1-30","22.397","22.575","23.060","21.985","189.53K","-1.23%"
"2022-1-23","22.676","24.305","24.045","22.150","254.72K","-8.25%"
"2022-1-16","24.716","22.995","24.755","23.430","211.57K","6.71%"
"2022-1-9","23.162","22.385","23.345","22.480","208.68K","4.38%"
"2022-1-2","22.190","23.385","23.300","21.945","217.75K","-3.77%"
"2021-12-26","23.060","22.880","23.480","22.600","143.69K","1.12%"
"2021-12-19","22.804","22.260","22.965","22.185","115.28K","1.48%"
"2021-12-12","22.471","22.230","22.690","21.410","213.16K","2.14%"
"2021-12-5","22.001","22.530","22.625","21.815","170.54K","-1.36%"
"2021-11-28","22.304","23.160","23.355","22.035","232.78K","-5.15%"
"2021-11-21","23.514","24.670","24.340","22.915","209.77K","-5.64%"
"2021-11-14","24.919","25.420","25.490","24.610","262.95K","-1.58%"
"2021-11-7","25.320","24.170","25.470","24.040","345.08K","5.81%"
"2021-10-31","23.930","23.990","24.255","23.045","271.85K","-0.87%"
"2021-10-24","24.139","24.395","24.655","23.705","213.61K","-0.13%"
"2021-10-17","24.170","23.380","24.920","23.220","294.15K","2.95%"
"2021-10-10","23.477","22.685","23.645","22.325","221.36K","3.61%"
"2021-10-3","22.658","22.600","23.220","22.185","177.07K","2.77%"
"2021-9-26","22.047","22.435","22.680","21.410","245.28K","-2.72%"
"2021-9-19","22.663","22.325","23.150","22.090","178.51K","-0.49%"
"2021-9-12","22.774","23.455","24.000","22.305","231.72K","-5.72%"
"2021-9-5","24.156","24.810","24.480","23.760","127.93K","1.07%"
"2021-8-29","23.900","24.130","24.945","23.775","197.28K","1.41%"
"2021-8-22","23.567","23.035","24.135","23.305","227.57K","1.41%"
"2021-8-15","23.239","23.755","23.955","22.835","196.03K","0.51%"
"2021-8-8","23.122","23.750","23.830","22.970","253.72K","-8.62%"
"2021-8-1","25.303","25.570","26.090","24.205","275.15K","-1.92%"
"2021-7-25","25.799","25.270","25.875","24.515","249.65K","1.65%"
"2021-7-18","25.381","25.700","25.535","24.790","203.17K","-3.84%"
"2021-7-11","26.394","26.185","26.575","25.640","229.37K","1.57%"
"2021-7-4","25.987","26.640","26.545","25.820","155.08K","-0.43%"
"2021-6-27","26.100","26.215","26.700","25.580","232.58K","0.12%"
"2021-6-20","26.069","25.950","26.380","25.735","222.46K","0.76%"
"2021-6-13","25.873","28.110","28.030","25.770","383.31K","-7.75%"
"2021-6-6","28.047","27.920","28.445","27.475","291.78K","2.02%"
"2021-5-30","27.492","28.070","28.370","27.090","237.17K","-1.66%"
"2021-5-23","27.955","27.690","28.340","27.480","258.54K","-0.40%"
"2021-5-16","28.067","27.515","28.900","27.265","320.88K","3.73%"
"2021-5-9","27.059","27.680","27.830","26.780","262.22K","-1.52%"
"2021-5-2","27.477","25.990","27.800","26.160","289.36K","5.34%"
"2021-4-25","26.085","26.020","26.580","25.745","264.16K","-0.44%"
"2021-4-18","26.200","26.000","26.730","25.725","313.10K","0.85%"
"2021-4-11","25.979","25.300","26.380","24.680","264.96K","1.46%"
"2021-4-4","25.604","25.050","25.675","24.795","224.17K","4.28%"
"2021-3-28","24.552","25.105","25.045","23.740","201.63K","-1.98%"
"2021-3-21","25.047","26.340","25.915","24.435","234.80K","-4.95%"
"2021-3-14","26.351","26.070","26.740","25.805","230.93K","0.60%"
"2021-3-7","26.193","25.400","26.545","25.090","234.96K","2.87%"
"2021-2-28","25.461","26.700","26.985","24.845","338.86K","-8.03%"
"2021-2-21","27.685","27.640","28.425","26.160","404.32K","2.17%"
"2021-2-14","27.098","27.520","27.710","26.105","253.58K","0.10%"
"2021-2-7","27.072","27.180","27.875","26.750","268.61K","3.09%"
"2021-1-31","26.261","28.860","29.150","25.935","497.44K","1.22%"
"2021-1-24","25.945","25.535","27.770","24.715","527.84K","0.35%"
"2021-1-17","25.854","24.835","26.130","25.050","215.53K","0.20%"
"2021-1-10","25.802","25.470","25.990","24.610","314.85K","-5.35%"
"2021-1-3","27.261","26.770","28.105","24.530","452.68K","2.59%"
"2020-12-27","26.573","26.095","26.880","26.075","151.61K","2.66%"
"2020-12-20","25.885","26.400","26.815","25.185","208.65K","-1.01%"
"2020-12-13","26.150","24.070","26.350","23.940","328.67K","8.63%"
"2020-12-6","24.073","24.250","25.015","23.690","252.27K","-0.19%"
"2020-11-29","24.120","23.820","24.585","23.850","141.97K","3.13%"
"2020-11-22","23.387","24.265","23.525","23.000","257.65K","-2.90%"
"2020-11-15","24.085","25.085","24.600","23.745","311.59K","-1.09%"
"2020-11-8","24.350","26.070","24.200","23.725","288.04K","-3.50%"
"2020-11-1","25.232","23.710","24.185","23.415","384.42K","7.79%"
"2020-10-25","23.408","24.750","24.265","22.865","367.39K","-5.27%"
"2020-10-18","24.709","24.290","24.775","24.215","262.24K","2.00%"
"2020-10-11","24.224","25.280","24.905","23.650","280.69K","1.46%"
"2020-10-4","23.876","24.075","23.805","22.965","252.77K","-1.56%"
"2020-9-27","24.254","23.140","23.510","22.790","307.75K","4.71%"
"2020-9-20","23.162","26.790","24.385","21.820","513.36K","-14.42%"
"2020-9-13","27.066","27.115","27.455","26.610","272.55K","-0.67%"
"2020-9-6","27.249","27.040","27.190","25.985","207.60K","1.57%"
"2020-8-30","26.828","28.230","28.230","26.635","482.32K","-0.97%"
"2020-8-23","27.090","26.865","26.630","26.225","472.76K","-0.38%"
"2020-8-16","27.192","26.760","27.375","26.115","739.41K","-2.05%"
"2020-8-9","27.762","28.260","28.175","23.665","1.07M","-2.49%"
"2020-8-2","28.470","24.480","27.145","24.300","889.59K","21.41%"
"2020-7-26","23.450","22.970","23.435","22.460","687.25K","2.01%"
"2020-7-19","22.988","19.765","22.475","19.655","639.44K","17.45%"
"2020-7-12","19.573","19.080","19.525","19.080","242.97K","3.22%"
"2020-7-5","18.962","18.270","18.830","18.235","320.74K","3.49%"
"2020-6-28","18.322","18.110","18.095","17.935","274.90K","1.97%"
"2020-6-21","17.968","18.040","17.900","17.560","235.35K","2.09%"
"2020-6-14","17.601","17.635","17.725","17.125","220.48K","-2.05%"
"2020-6-7","17.970","17.635","17.845","17.635","294.20K","-0.81%"
"2020-5-31","18.116","18.740","18.685","17.765","294.36K","0.59%"
"2020-5-24","18.009","17.630","17.775","17.225","190.15K","3.71%"
"2020-5-17","17.364","17.225","17.755","17.125","255.09K","7.48%"
"2020-5-10","16.156","15.755","15.660","15.510","211.06K","3.63%"
"2020-5-3","15.590","15.075","14.920","14.760","178.85K","4.12%"
"2020-4-26","14.973","15.475","15.240","14.850","169.25K","-2.65%"
"2020-4-19","15.381","15.380","15.380","14.700","198.54K","-1.69%"
"2020-4-12","15.646","16.000","15.810","15.470","199.46K","2.74%"
"2020-4-5","15.229","14.655","15.265","14.645","177.40K","3.75%"
"2020-3-29","14.678","14.730","14.575","13.995","188.69K","0.01%"
"2020-3-22","14.676","12.615","14.400","12.290","295.92K","20.95%"
"2020-3-15","12.134","15.100","12.110","11.640","393.28K","-24.19%"
"2020-3-8","16.005","17.490","16.790","15.505","443.46K","-7.98%"
"2020-3-1","17.393","16.500","17.150","16.445","329.84K","-1.93%"
"2020-2-23","17.735","18.675","18.585","17.630","593.93K","-3.44%"
"2020-2-16","18.367","17.760","18.255","17.760","306.65K","4.00%"
"2020-2-9","17.660","17.765","17.725","17.480","270.52K","-1.10%"
"2020-2-2","17.857","18.135","17.640","17.560","248.91K","-0.97%"
"2020-1-26","18.032","18.260","18.040","17.280","334.00K","1.14%"
"2020-1-19","17.829","18.040","17.675","17.590","195.08K","-0.61%"
"2020-1-12","17.939","18.130","17.935","17.690","285.64K","0.02%"
"2020-1-5","17.936","18.170","18.085","17.815","474.46K","-0.36%"